<?xml version="1.0" encoding="UTF-8"?>
<ns0:mt_queryRequest xmlns:ns0="http://x5.ru/mdm/common"><messageHeader><reqId>154421</reqId><targetSystem>TMB</targetSystem><serviceInterface>CFO</serviceInterface><interfaceNamespace/></messageHeader><messageContainer><Container><![CDATA[<?xml version="1.0" encoding="UTF-8"?>
<ns0:mt_queryRequest
        xmlns:ns0="http://x5.ru/mdm/common"><messageHeader><reqId>154421</reqId><targetSystem>TMB</targetSystem><serviceInterface>CFO</serviceInterface><interfaceNamespace/></messageHeader><Item
            xmlns="http://www.ibm.com/mdm/entry01"><MDM_ID
            xmlns="">X5RG</MDM_ID><TYPE xmlns="">X5</TYPE><NAME
            xmlns="">X5 Retail Group</NAME><DESCRIPTION
            xmlns="">X5 Retail Group</DESCRIPTION><STATUS
            xmlns=""/><STATUS_ACT xmlns=""/><CURR_CLUSTER
            xmlns=""/><CURR_DIVISION xmlns=""/><CURR_MR
            xmlns=""/><FSTER_D xmlns=""/><FSTER xmlns=""/>
		
	</Item>
<Item
            xmlns="http://www.ibm.com/mdm/entry01"><MDM_ID
            xmlns="">EM</MDM_ID><TYPE xmlns="">FN</TYPE><NAME
            xmlns="">Дирекция ТС Пятерочка</NAME><DESCRIPTION
            xmlns="">Дирекция ТС Пятерочка</DESCRIPTION><STATUS
            xmlns=""/><STATUS_ACT xmlns=""/><CURR_CLUSTER
            xmlns=""/><CURR_DIVISION xmlns=""/><CURR_MR
            xmlns=""/><FSTER_D xmlns=""/><FSTER xmlns=""/>
		
	</Item>
<Item
            xmlns="http://www.ibm.com/mdm/entry01"><MDM_ID
            xmlns="">EM_HO</MDM_ID><TYPE xmlns="">FN</TYPE><NAME
            xmlns="">ЦО ТС Пятерочка</NAME><DESCRIPTION
            xmlns="">ЦО ТС Пятерочка</DESCRIPTION><STATUS
            xmlns=""/><STATUS_ACT xmlns=""/><CURR_CLUSTER
            xmlns=""/><CURR_DIVISION xmlns=""/><CURR_MR
            xmlns=""/><FSTER_D xmlns=""/><FSTER xmlns=""/>
		
	</Item>
<Item
            xmlns="http://www.ibm.com/mdm/entry01"><MDM_ID
            xmlns="">EX000201</MDM_ID><TYPE xmlns="">AD</TYPE><NAME
            xmlns="">Операционный департамент ТС Пятерочка</NAME><DESCRIPTION
            xmlns="">Операционный департамент ТС Пятерочка</DESCRIPTION><STATUS
            xmlns="">OPN</STATUS><STATUS_ACT
            xmlns="">OPN</STATUS_ACT><CURR_CLUSTER
            xmlns="">4380</CURR_CLUSTER><CURR_DIVISION
            xmlns="">1356</CURR_DIVISION><CURR_MR xmlns=""/><FSTER_D
            xmlns="">ЦО формата дискаунтер</FSTER_D><FSTER xmlns="">D_HO</FSTER>
		
	</Item>
<Item
            xmlns="http://www.ibm.com/mdm/entry01"><MDM_ID
            xmlns="">EX000202</MDM_ID><TYPE xmlns="">AD</TYPE><NAME
            xmlns="">Департамент по маркетингу ТС Пятерочка</NAME><DESCRIPTION
            xmlns="">Департамент по маркетингу ТС Пятерочка</DESCRIPTION><STATUS
            xmlns="">OPN</STATUS><STATUS_ACT
            xmlns="">OPN</STATUS_ACT><CURR_CLUSTER
            xmlns="">4380</CURR_CLUSTER><CURR_DIVISION
            xmlns="">1356</CURR_DIVISION><CURR_MR xmlns=""/><FSTER_D
            xmlns="">ЦО формата дискаунтер</FSTER_D><FSTER xmlns="">D_HO</FSTER>
		
	</Item>
<Item
            xmlns="http://www.ibm.com/mdm/entry01"><MDM_ID
            xmlns="">EX000203</MDM_ID><TYPE xmlns="">AD</TYPE><NAME
            xmlns="">Проект Рестайлинг</NAME><DESCRIPTION
            xmlns="">Проект Рестайлинг</DESCRIPTION><STATUS
            xmlns="">OPN</STATUS><STATUS_ACT
            xmlns="">OPN</STATUS_ACT><CURR_CLUSTER
            xmlns="">4380</CURR_CLUSTER><CURR_DIVISION
            xmlns="">1356</CURR_DIVISION><CURR_MR xmlns=""/><FSTER_D
            xmlns="">ЦО формата дискаунтер</FSTER_D><FSTER xmlns="">D_HO</FSTER>
		
	</Item>
<Item
            xmlns="http://www.ibm.com/mdm/entry01"><MDM_ID
            xmlns="">EX000204</MDM_ID><TYPE xmlns="">AD</TYPE><NAME
            xmlns="">Финансовый департамент ТС Пятерочка</NAME><DESCRIPTION
            xmlns="">Финансовый департамент ТС Пятерочка</DESCRIPTION><STATUS
            xmlns="">OPN</STATUS><STATUS_ACT
            xmlns="">OPN</STATUS_ACT><CURR_CLUSTER
            xmlns="">4380</CURR_CLUSTER><CURR_DIVISION
            xmlns="">1356</CURR_DIVISION><CURR_MR xmlns=""/><FSTER_D
            xmlns="">ЦО формата дискаунтер</FSTER_D><FSTER xmlns="">D_HO</FSTER>
		
	</Item>
<Item
            xmlns="http://www.ibm.com/mdm/entry01"><MDM_ID
            xmlns="">EX000205</MDM_ID><TYPE xmlns="">AD</TYPE><NAME
            xmlns="">Управление по персоналу ТС Пятерочка</NAME><DESCRIPTION
            xmlns="">Управление по персоналу ТС Пятерочка</DESCRIPTION><STATUS
            xmlns="">OPN</STATUS><STATUS_ACT
            xmlns="">OPN</STATUS_ACT><CURR_CLUSTER
            xmlns="">4380</CURR_CLUSTER><CURR_DIVISION
            xmlns="">1356</CURR_DIVISION><CURR_MR xmlns=""/><FSTER_D
            xmlns="">ЦО формата дискаунтер</FSTER_D><FSTER xmlns="">D_HO</FSTER>
		
	</Item>
<Item
            xmlns="http://www.ibm.com/mdm/entry01"><MDM_ID
            xmlns="">EX000422</MDM_ID><TYPE xmlns="">AD</TYPE><NAME
            xmlns="">Управление по обеспечению безопасности ТС Пятерочка</NAME><DESCRIPTION
            xmlns="">Управление по обеспечению безопасности ТС Пятерочка</DESCRIPTION><STATUS
            xmlns="">PLN</STATUS><STATUS_ACT
            xmlns="">PLN</STATUS_ACT><CURR_CLUSTER
            xmlns="">4380</CURR_CLUSTER><CURR_DIVISION
            xmlns="">1356</CURR_DIVISION><CURR_MR xmlns=""/><FSTER_D
            xmlns="">ЦО формата дискаунтер</FSTER_D><FSTER xmlns="">D_HO</FSTER>
		
	</Item>
<Item
            xmlns="http://www.ibm.com/mdm/entry01"><MDM_ID
            xmlns="">Z3HOAAA0</MDM_ID><TYPE xmlns="">AD</TYPE><NAME
            xmlns="">Администрация дирекции ТС Пятерочка ЦО X5</NAME><DESCRIPTION
            xmlns="">Администрация дирекции ТС Пятерочка ЦО X5</DESCRIPTION><STATUS
            xmlns="">OPN</STATUS><STATUS_ACT
            xmlns="">OPN</STATUS_ACT><CURR_CLUSTER
            xmlns="">4380</CURR_CLUSTER><CURR_DIVISION
            xmlns="">1356</CURR_DIVISION><CURR_MR xmlns=""/><FSTER_D
            xmlns="">ЦО формата дискаунтер</FSTER_D><FSTER xmlns="">D_HO</FSTER>
		
	</Item>
<Item
            xmlns="http://www.ibm.com/mdm/entry01"><MDM_ID
            xmlns="">Z3HOAAP0</MDM_ID><TYPE xmlns="">SY</TYPE><NAME
            xmlns="">Общерозничный ЦФО ТС Пятерочка</NAME><DESCRIPTION
            xmlns="">Общерозничный ЦФО ТС Пятерочка</DESCRIPTION><STATUS
            xmlns="">OPN</STATUS><STATUS_ACT
            xmlns="">OPN</STATUS_ACT><CURR_CLUSTER
            xmlns="">4380</CURR_CLUSTER><CURR_DIVISION
            xmlns="">1356</CURR_DIVISION><CURR_MR xmlns=""/><FSTER_D
            xmlns="">ЦО формата дискаунтер</FSTER_D><FSTER xmlns="">D_HO</FSTER>
		
	</Item>
<Item
            xmlns="http://www.ibm.com/mdm/entry01"><MDM_ID
            xmlns="">Z0HOABW6</MDM_ID><TYPE xmlns="">AD</TYPE><NAME
            xmlns="">Дирекция по управлению инфраструктурой ЦО</NAME><DESCRIPTION
            xmlns="">Дирекция по управлению стоимостью владения инфраструктурой ЦО</DESCRIPTION><STATUS
            xmlns="">OPN</STATUS><STATUS_ACT
            xmlns="">OPN</STATUS_ACT><CURR_CLUSTER
            xmlns="">4380</CURR_CLUSTER><CURR_DIVISION
            xmlns="">1356</CURR_DIVISION><CURR_MR xmlns=""/><FSTER_D
            xmlns="">ЦО формата дискаунтер</FSTER_D><FSTER xmlns="">D_HO</FSTER>
		
	</Item>
<Item
            xmlns="http://www.ibm.com/mdm/entry01"><MDM_ID
            xmlns="">EX000795</MDM_ID><TYPE xmlns="">AD</TYPE><NAME
            xmlns="">Департамент развития ТС Пятерочка</NAME><DESCRIPTION
            xmlns="">Департамент развития ТС Пятерочка</DESCRIPTION><STATUS
            xmlns="">OPN</STATUS><STATUS_ACT
            xmlns="">OPN</STATUS_ACT><CURR_CLUSTER
            xmlns="">4380</CURR_CLUSTER><CURR_DIVISION
            xmlns="">1356</CURR_DIVISION><CURR_MR xmlns=""/><FSTER_D
            xmlns="">ЦО формата дискаунтер</FSTER_D><FSTER xmlns="">D_HO</FSTER>
		
	</Item>
<Item
            xmlns="http://www.ibm.com/mdm/entry01"><MDM_ID
            xmlns="">EX000871</MDM_ID><TYPE xmlns="">AD</TYPE><NAME
            xmlns="">Департамент по некоммерч. закупкам ЦО ТС Пятерочка</NAME><DESCRIPTION
            xmlns="">Департамент по некоммерческим закупкам ЦО ТС Пятерочка</DESCRIPTION><STATUS
            xmlns="">OPN</STATUS><STATUS_ACT
            xmlns="">OPN</STATUS_ACT><CURR_CLUSTER
            xmlns="">4380</CURR_CLUSTER><CURR_DIVISION
            xmlns="">1356</CURR_DIVISION><CURR_MR xmlns=""/><FSTER_D
            xmlns="">ЦО формата дискаунтер</FSTER_D><FSTER xmlns="">D_HO</FSTER>
		
	</Item>
<Item
            xmlns="http://www.ibm.com/mdm/entry01"><MDM_ID
            xmlns="">EX000886</MDM_ID><TYPE xmlns="">AD</TYPE><NAME
            xmlns="">Дир. по логистике ТС Пятерочка</NAME><DESCRIPTION
            xmlns="">Дир. по логистике ТС Пятерочка</DESCRIPTION><STATUS
            xmlns="">OPN</STATUS><STATUS_ACT
            xmlns="">OPN</STATUS_ACT><CURR_CLUSTER
            xmlns="">4380</CURR_CLUSTER><CURR_DIVISION
            xmlns="">1356</CURR_DIVISION><CURR_MR xmlns=""/><FSTER_D
            xmlns="">ЦО формата дискаунтер</FSTER_D><FSTER xmlns="">D_HO</FSTER>
		
	</Item>
<Item
            xmlns="http://www.ibm.com/mdm/entry01"><MDM_ID
            xmlns="">EX000887</MDM_ID><TYPE xmlns="">AD</TYPE><NAME
            xmlns="">Дир. по категор. менеджмент ТС Пятерочка</NAME><DESCRIPTION
            xmlns="">Дир. по категор. менеджмент ТС Пятерочка</DESCRIPTION><STATUS
            xmlns="">OPN</STATUS><STATUS_ACT
            xmlns="">OPN</STATUS_ACT><CURR_CLUSTER
            xmlns="">4380</CURR_CLUSTER><CURR_DIVISION
            xmlns="">1356</CURR_DIVISION><CURR_MR xmlns=""/><FSTER_D
            xmlns="">ЦО формата дискаунтер</FSTER_D><FSTER xmlns="">D_HO</FSTER>
		
	</Item>
<Item
            xmlns="http://www.ibm.com/mdm/entry01"><MDM_ID
            xmlns="">EX001233</MDM_ID><TYPE xmlns="">AD</TYPE><NAME
            xmlns="">Управление недвижимости ТС Пятерочка</NAME><DESCRIPTION
            xmlns="">Управление недвижимости ТС Пятерочка</DESCRIPTION><STATUS
            xmlns="">OPN</STATUS><STATUS_ACT
            xmlns="">OPN</STATUS_ACT><CURR_CLUSTER
            xmlns="">4380</CURR_CLUSTER><CURR_DIVISION
            xmlns="">1356</CURR_DIVISION><CURR_MR xmlns=""/><FSTER_D
            xmlns="">ЦО формата дискаунтер</FSTER_D><FSTER xmlns="">D_HO</FSTER>
		
	</Item>
<Item
            xmlns="http://www.ibm.com/mdm/entry01"><MDM_ID
            xmlns="">EX001234</MDM_ID><TYPE xmlns="">AD</TYPE><NAME
            xmlns="">Управление франчайзинга ТС Пятерочка</NAME><DESCRIPTION
            xmlns="">Управление франчайзинга ТС Пятерочка</DESCRIPTION><STATUS
            xmlns="">OPN</STATUS><STATUS_ACT
            xmlns="">OPN</STATUS_ACT><CURR_CLUSTER
            xmlns="">4380</CURR_CLUSTER><CURR_DIVISION
            xmlns="">1356</CURR_DIVISION><CURR_MR xmlns=""/><FSTER_D
            xmlns="">ЦО формата дискаунтер</FSTER_D><FSTER xmlns="">D_HO</FSTER>
		
	</Item>
<Item
            xmlns="http://www.ibm.com/mdm/entry01"><MDM_ID
            xmlns="">EX001235</MDM_ID><TYPE xmlns="">AD</TYPE><NAME
            xmlns="">Управление лицензирования ТС Пятерочка</NAME><DESCRIPTION
            xmlns="">Управление лицензирования ТС Пятерочка</DESCRIPTION><STATUS
            xmlns="">OPN</STATUS><STATUS_ACT
            xmlns="">OPN</STATUS_ACT><CURR_CLUSTER
            xmlns="">4380</CURR_CLUSTER><CURR_DIVISION
            xmlns="">1356</CURR_DIVISION><CURR_MR xmlns=""/><FSTER_D
            xmlns="">ЦО формата дискаунтер</FSTER_D><FSTER xmlns="">D_HO</FSTER>
		
	</Item>
<Item
            xmlns="http://www.ibm.com/mdm/entry01"><MDM_ID
            xmlns="">EX001685</MDM_ID><TYPE xmlns="">AD</TYPE><NAME
            xmlns="">СТМ ЦО ТС Пятерочка</NAME><DESCRIPTION
            xmlns="">СТМ ЦО ТС Пятерочка</DESCRIPTION><STATUS
            xmlns="">OPN</STATUS><STATUS_ACT
            xmlns="">OPN</STATUS_ACT><CURR_CLUSTER
            xmlns="">4380</CURR_CLUSTER><CURR_DIVISION
            xmlns="">1356</CURR_DIVISION><CURR_MR xmlns=""/><FSTER_D
            xmlns="">ЦО формата дискаунтер</FSTER_D><FSTER xmlns="">D_HO</FSTER>
		
	</Item>
<Item
            xmlns="http://www.ibm.com/mdm/entry01"><MDM_ID
            xmlns="">EX001722</MDM_ID><TYPE xmlns=""/><NAME
            xmlns="">КД Качество Пятерочка</NAME><DESCRIPTION
            xmlns="">КД Качество Пятерочка</DESCRIPTION><STATUS
            xmlns="">OPN</STATUS><STATUS_ACT
            xmlns="">OPN</STATUS_ACT><CURR_CLUSTER
            xmlns="">4380</CURR_CLUSTER><CURR_DIVISION
            xmlns="">1356</CURR_DIVISION><CURR_MR xmlns=""/><FSTER_D
            xmlns="">ЦО формата дискаунтер</FSTER_D><FSTER xmlns="">D_HO</FSTER>
		
	</Item>
<Item
            xmlns="http://www.ibm.com/mdm/entry01"><MDM_ID
            xmlns="">EX001781</MDM_ID><TYPE xmlns="">AD</TYPE><NAME
            xmlns="">Тендерно-договорной отдел ЦО ТС Пятерочка</NAME><DESCRIPTION
            xmlns="">Тендерно-договорной отдел ЦО ТС Пятерочка</DESCRIPTION><STATUS
            xmlns="">OPN</STATUS><STATUS_ACT
            xmlns="">OPN</STATUS_ACT><CURR_CLUSTER
            xmlns="">4380</CURR_CLUSTER><CURR_DIVISION
            xmlns="">1356</CURR_DIVISION><CURR_MR xmlns=""/><FSTER_D
            xmlns="">ЦО формата дискаунтер</FSTER_D><FSTER xmlns="">D_HO</FSTER>
		
	</Item>
<Item
            xmlns="http://www.ibm.com/mdm/entry01"><MDM_ID
            xmlns="">EX002251</MDM_ID><TYPE xmlns="">AD</TYPE><NAME
            xmlns="">Управление организационного развития ЦО ТС Пятерочка</NAME><DESCRIPTION
            xmlns="">Управление организационного развития ЦО ТС Пятерочка</DESCRIPTION><STATUS
            xmlns="">OPN</STATUS><STATUS_ACT
            xmlns="">OPN</STATUS_ACT><CURR_CLUSTER
            xmlns="">4380</CURR_CLUSTER><CURR_DIVISION
            xmlns="">1356</CURR_DIVISION><CURR_MR xmlns=""/><FSTER_D
            xmlns="">ЦО формата дискаунтер</FSTER_D><FSTER xmlns="">D_HO</FSTER>
		
	</Item>
<Item
            xmlns="http://www.ibm.com/mdm/entry01"><MDM_ID
            xmlns="">EX002252</MDM_ID><TYPE xmlns="">AD</TYPE><NAME
            xmlns="">Департамент качества ЦО ТС Пятерочка</NAME><DESCRIPTION
            xmlns="">Департамент качества ЦО ТС Пятерочка</DESCRIPTION><STATUS
            xmlns="">OPN</STATUS><STATUS_ACT
            xmlns="">OPN</STATUS_ACT><CURR_CLUSTER
            xmlns="">4380</CURR_CLUSTER><CURR_DIVISION
            xmlns="">1356</CURR_DIVISION><CURR_MR xmlns=""/><FSTER_D
            xmlns="">ЦО формата дискаунтер</FSTER_D><FSTER xmlns="">D_HO</FSTER>
		
	</Item></ns0:mt_queryRequest>
]]></Container></messageContainer></ns0:mt_queryRequest>

