<?xml version="1.0" encoding="UTF-8"?>
<ns0:mt_queryRequest xmlns:ns0="http://x5.ru/mdm/common"><messageHeader><reqId>154420</reqId><targetSystem>TMB</targetSystem><serviceInterface>DIVISION</serviceInterface><interfaceNamespace/></messageHeader><messageContainer><Container><![CDATA[<?xml version="1.0" encoding="UTF-8"?>
<ns0:mt_queryRequest
        xmlns:ns0="http://x5.ru/mdm/common"><messageHeader><reqId>154420</reqId><targetSystem>TMB</targetSystem><serviceInterface>DIVISION</serviceInterface><interfaceNamespace/></messageHeader><Item
            xmlns="http://www.ibm.com/mdm/entry01"><MDM_ID
            xmlns="">1366</MDM_ID><PORTAL_ID
            xmlns="">1366</PORTAL_ID><DIVISION_SAP
            xmlns="">UU</DIVISION_SAP><NAME
            xmlns="">Южно-Уральский регион</NAME><MR_ID
            xmlns="">MRDVO</MR_ID><NAMING xmlns="">UU Южно-Уральский регион</NAMING>
		
	</Item>
<Item
            xmlns="http://www.ibm.com/mdm/entry01"><MDM_ID
            xmlns="">1310</MDM_ID><PORTAL_ID
            xmlns="">1310</PORTAL_ID><DIVISION_SAP
            xmlns="">OL</DIVISION_SAP><NAME
            xmlns="">Дивизион Перекресток - онлайн</NAME><MR_ID
            xmlns=""/><NAMING xmlns="">OL Дивизион Перекресток - онлайн</NAMING>
		
	</Item>
<Item
            xmlns="http://www.ibm.com/mdm/entry01"><MDM_ID
            xmlns="">1306</MDM_ID><PORTAL_ID
            xmlns="">1306</PORTAL_ID><DIVISION_SAP
            xmlns="">NG</DIVISION_SAP><NAME
            xmlns="">Волго-Вятский регион</NAME><MR_ID xmlns=""/><NAMING xmlns="">NG Волго-Вятский регион</NAMING>
		
	</Item>
<Item
            xmlns="http://www.ibm.com/mdm/entry01"><MDM_ID
            xmlns="">1351</MDM_ID><PORTAL_ID
            xmlns="">1351</PORTAL_ID><DIVISION_SAP
            xmlns="">CT</DIVISION_SAP><NAME
            xmlns="">Центральный регион</NAME><MR_ID
            xmlns="">MRDCT</MR_ID><NAMING xmlns="">CT Центральный регион</NAMING>
		
	</Item>
<Item
            xmlns="http://www.ibm.com/mdm/entry01"><MDM_ID
            xmlns="">1340</MDM_ID><PORTAL_ID
            xmlns="">1340</PORTAL_ID><DIVISION_SAP
            xmlns="">UR</DIVISION_SAP><NAME
            xmlns="">Уральский регион</NAME><MR_ID
            xmlns="">MRDVS</MR_ID><NAMING xmlns="">UR Уральский регион</NAMING>
		
	</Item>
<Item
            xmlns="http://www.ibm.com/mdm/entry01"><MDM_ID
            xmlns="">1313</MDM_ID><PORTAL_ID
            xmlns="">1313</PORTAL_ID><DIVISION_SAP
            xmlns="">CP</DIVISION_SAP><NAME
            xmlns="">Дивизион Центрально-Поволжский 1</NAME><MR_ID
            xmlns="">MRDUG</MR_ID><NAMING xmlns="">CP Дивизион Центрально-Поволжский 1</NAMING>
		
	</Item>
<Item
            xmlns="http://www.ibm.com/mdm/entry01"><MDM_ID
            xmlns="">1326</MDM_ID><PORTAL_ID
            xmlns="">1326</PORTAL_ID><DIVISION_SAP
            xmlns="">NV</DIVISION_SAP><NAME
            xmlns="">Северо-Восточный регион1</NAME><MR_ID
            xmlns="">MRDND</MR_ID><NAMING xmlns="">NV Северо-Восточный регион1</NAMING>
		
	</Item>
<Item
            xmlns="http://www.ibm.com/mdm/entry01"><MDM_ID
            xmlns="">1320</MDM_ID><PORTAL_ID
            xmlns="">1320</PORTAL_ID><DIVISION_SAP
            xmlns="">NC</DIVISION_SAP><NAME
            xmlns="">Нечерноземный регион</NAME><MR_ID
            xmlns="">MRDCN</MR_ID><NAMING xmlns="">NC Нечерноземный регион</NAMING>
		
	</Item>
<Item
            xmlns="http://www.ibm.com/mdm/entry01"><MDM_ID
            xmlns="">1336</MDM_ID><PORTAL_ID
            xmlns="">1336</PORTAL_ID><DIVISION_SAP
            xmlns="">SA</DIVISION_SAP><NAME
            xmlns="">Средне-Волжский регион</NAME><MR_ID
            xmlns=""/><NAMING xmlns="">SA Средне-Волжский регион</NAMING>
		
	</Item>
<Item
            xmlns="http://www.ibm.com/mdm/entry01"><MDM_ID
            xmlns="">1307</MDM_ID><PORTAL_ID
            xmlns="">1307</PORTAL_ID><DIVISION_SAP
            xmlns="">NG</DIVISION_SAP><NAME
            xmlns="">Волго-Вятский регион</NAME><MR_ID xmlns=""/><NAMING xmlns="">NG Волго-Вятский регион</NAMING>
		
	</Item>
<Item
            xmlns="http://www.ibm.com/mdm/entry01"><MDM_ID
            xmlns="">1357</MDM_ID><PORTAL_ID
            xmlns="">1357</PORTAL_ID><DIVISION_SAP
            xmlns="">HO</DIVISION_SAP><NAME xmlns="">ЦО X5</NAME><MR_ID
            xmlns=""/><NAMING xmlns="">HO ЦО X5</NAMING>
		
	</Item>
<Item
            xmlns="http://www.ibm.com/mdm/entry01"><MDM_ID
            xmlns="">1348</MDM_ID><PORTAL_ID
            xmlns="">1348</PORTAL_ID><DIVISION_SAP
            xmlns="">CH</DIVISION_SAP><NAME
            xmlns="">Центрально-Черноземный регион</NAME><MR_ID
            xmlns="">MRDUG</MR_ID><NAMING xmlns="">CH Центрально-Черноземный регион</NAMING>
		
	</Item>
<Item
            xmlns="http://www.ibm.com/mdm/entry01"><MDM_ID
            xmlns="">1305</MDM_ID><PORTAL_ID
            xmlns="">1305</PORTAL_ID><DIVISION_SAP
            xmlns="">NG</DIVISION_SAP><NAME
            xmlns="">Волго-Вятский регион</NAME><MR_ID xmlns=""/><NAMING xmlns="">NG Волго-Вятский регион</NAMING>
		
	</Item>
<Item
            xmlns="http://www.ibm.com/mdm/entry01"><MDM_ID
            xmlns="">1304</MDM_ID><PORTAL_ID
            xmlns="">1304</PORTAL_ID><DIVISION_SAP
            xmlns="">NG</DIVISION_SAP><NAME
            xmlns="">Волго-Вятский регион</NAME><MR_ID
            xmlns="">MRDVO</MR_ID><NAMING xmlns="">NG Волго-Вятский регион</NAMING>
		
	</Item>
<Item
            xmlns="http://www.ibm.com/mdm/entry01"><MDM_ID
            xmlns="">1331</MDM_ID><PORTAL_ID
            xmlns="">1331</PORTAL_ID><DIVISION_SAP
            xmlns="">SZ</DIVISION_SAP><NAME
            xmlns="">Северо-Западный регион</NAME><MR_ID
            xmlns=""/><NAMING xmlns="">SZ Северо-Западный регион</NAMING>
		
	</Item>
<Item
            xmlns="http://www.ibm.com/mdm/entry01"><MDM_ID
            xmlns="">1325</MDM_ID><PORTAL_ID
            xmlns="">1325</PORTAL_ID><DIVISION_SAP
            xmlns="">TA</DIVISION_SAP><NAME
            xmlns="">Приволжский регион</NAME><MR_ID xmlns=""/><NAMING xmlns="">TA Приволжский регион</NAMING>
		
	</Item>
<Item
            xmlns="http://www.ibm.com/mdm/entry01"><MDM_ID
            xmlns="">1335</MDM_ID><PORTAL_ID
            xmlns="">1335</PORTAL_ID><DIVISION_SAP
            xmlns="">SA</DIVISION_SAP><NAME
            xmlns="">Средне-Волжский регион</NAME><MR_ID
            xmlns=""/><NAMING xmlns="">SA Средне-Волжский регион</NAMING>
		
	</Item>
<Item
            xmlns="http://www.ibm.com/mdm/entry01"><MDM_ID
            xmlns="">1324</MDM_ID><PORTAL_ID
            xmlns="">1324</PORTAL_ID><DIVISION_SAP
            xmlns="">TA</DIVISION_SAP><NAME
            xmlns="">Приволжский регион</NAME><MR_ID xmlns=""/><NAMING xmlns="">TA Приволжский регион</NAMING>
		
	</Item>
<Item
            xmlns="http://www.ibm.com/mdm/entry01"><MDM_ID
            xmlns="">1347</MDM_ID><PORTAL_ID
            xmlns="">1347</PORTAL_ID><DIVISION_SAP
            xmlns="">CH</DIVISION_SAP><NAME
            xmlns="">Центрально-Черноземный регион</NAME><MR_ID
            xmlns="">MRDUG</MR_ID><NAMING xmlns="">CH Центрально-Черноземный регион</NAMING>
		
	</Item>
<Item
            xmlns="http://www.ibm.com/mdm/entry01"><MDM_ID
            xmlns="">1353</MDM_ID><PORTAL_ID
            xmlns="">1353</PORTAL_ID><DIVISION_SAP
            xmlns="">CT</DIVISION_SAP><NAME
            xmlns="">Центральный регион</NAME><MR_ID
            xmlns="">MRDCT</MR_ID><NAMING xmlns="">CT Центральный регион</NAMING>
		
	</Item>
<Item
            xmlns="http://www.ibm.com/mdm/entry01"><MDM_ID
            xmlns="">1364</MDM_ID><PORTAL_ID
            xmlns="">1364</PORTAL_ID><DIVISION_SAP
            xmlns="">UG</DIVISION_SAP><NAME
            xmlns="">Южный регион</NAME><MR_ID xmlns=""/><NAMING xmlns="">UG Южный регион</NAMING>
		
	</Item>
<Item
            xmlns="http://www.ibm.com/mdm/entry01"><MDM_ID
            xmlns="">1316</MDM_ID><PORTAL_ID
            xmlns="">1316</PORTAL_ID><DIVISION_SAP
            xmlns="">CN</DIVISION_SAP><NAME
            xmlns="">Дивизион Центральный Север</NAME><MR_ID
            xmlns=""/><NAMING xmlns="">CN Дивизион Центральный Север</NAMING>
		
	</Item>
<Item
            xmlns="http://www.ibm.com/mdm/entry01"><MDM_ID
            xmlns="">1365</MDM_ID><PORTAL_ID
            xmlns="">1365</PORTAL_ID><DIVISION_SAP
            xmlns="">UG</DIVISION_SAP><NAME
            xmlns="">Южный регион</NAME><MR_ID xmlns=""/><NAMING xmlns="">UG Южный регион</NAMING>
		
	</Item>
<Item
            xmlns="http://www.ibm.com/mdm/entry01"><MDM_ID
            xmlns="">1330</MDM_ID><PORTAL_ID
            xmlns="">1330</PORTAL_ID><DIVISION_SAP
            xmlns="">SZ</DIVISION_SAP><NAME
            xmlns="">Северо-Западный регион</NAME><MR_ID
            xmlns=""/><NAMING xmlns="">SZ Северо-Западный регион</NAMING>
		
	</Item>
<Item
            xmlns="http://www.ibm.com/mdm/entry01"><MDM_ID
            xmlns="">1360</MDM_ID><PORTAL_ID
            xmlns="">1360</PORTAL_ID><DIVISION_SAP
            xmlns="">HO</DIVISION_SAP><NAME xmlns="">ЦО X5</NAME><MR_ID
            xmlns=""/><NAMING xmlns="">HO ЦО X5</NAMING>
		
	</Item>
<Item
            xmlns="http://www.ibm.com/mdm/entry01"><MDM_ID
            xmlns="">1354</MDM_ID><PORTAL_ID
            xmlns="">1354</PORTAL_ID><DIVISION_SAP
            xmlns="">CT</DIVISION_SAP><NAME
            xmlns="">Центральный регион</NAME><MR_ID
            xmlns="">MRDCT</MR_ID><NAMING xmlns="">CT Центральный регион</NAMING>
		
	</Item>
<Item
            xmlns="http://www.ibm.com/mdm/entry01"><MDM_ID
            xmlns="">1343</MDM_ID><PORTAL_ID
            xmlns="">1343</PORTAL_ID><DIVISION_SAP
            xmlns="">UR</DIVISION_SAP><NAME
            xmlns="">Уральский регион</NAME><MR_ID xmlns=""/><NAMING xmlns="">UR Уральский регион</NAMING>
		
	</Item>
<Item
            xmlns="http://www.ibm.com/mdm/entry01"><MDM_ID
            xmlns="">1317</MDM_ID><PORTAL_ID
            xmlns="">1317</PORTAL_ID><DIVISION_SAP
            xmlns="">CS</DIVISION_SAP><NAME
            xmlns="">Дивизион Центральный Юг</NAME><MR_ID
            xmlns=""/><NAMING xmlns="">CS Дивизион Центральный Юг</NAMING>
		
	</Item>
<Item
            xmlns="http://www.ibm.com/mdm/entry01"><MDM_ID
            xmlns="">1352</MDM_ID><PORTAL_ID
            xmlns="">1352</PORTAL_ID><DIVISION_SAP
            xmlns="">CT</DIVISION_SAP><NAME
            xmlns="">Центральный регион</NAME><MR_ID
            xmlns="">MRDCT</MR_ID><NAMING xmlns="">CT Центральный регион</NAMING>
		
	</Item>
<Item
            xmlns="http://www.ibm.com/mdm/entry01"><MDM_ID
            xmlns="">1346</MDM_ID><PORTAL_ID
            xmlns="">1346</PORTAL_ID><DIVISION_SAP
            xmlns="">CH</DIVISION_SAP><NAME
            xmlns="">Центрально-Черноземный регион</NAME><MR_ID
            xmlns="">MRDUG</MR_ID><NAMING xmlns="">CH Центрально-Черноземный регион</NAMING>
		
	</Item>
<Item
            xmlns="http://www.ibm.com/mdm/entry01"><MDM_ID
            xmlns="">1333</MDM_ID><PORTAL_ID
            xmlns="">1333</PORTAL_ID><DIVISION_SAP
            xmlns="">SB</DIVISION_SAP><NAME
            xmlns="">Сибирский регион</NAME><MR_ID
            xmlns="">MRDVS</MR_ID><NAMING xmlns="">SB Сибирский регион</NAMING>
		
	</Item>
<Item
            xmlns="http://www.ibm.com/mdm/entry01"><MDM_ID
            xmlns="">1356</MDM_ID><PORTAL_ID
            xmlns="">1356</PORTAL_ID><DIVISION_SAP
            xmlns="">HO</DIVISION_SAP><NAME xmlns="">ЦО X5</NAME><MR_ID
            xmlns=""/><NAMING xmlns="">HO ЦО X5</NAMING>
		
	</Item>
<Item
            xmlns="http://www.ibm.com/mdm/entry01"><MDM_ID
            xmlns="">1363</MDM_ID><PORTAL_ID
            xmlns="">1363</PORTAL_ID><DIVISION_SAP
            xmlns="">UG</DIVISION_SAP><NAME
            xmlns="">Южный регион</NAME><MR_ID xmlns=""/><NAMING xmlns="">UG Южный регион</NAMING>
		
	</Item>
<Item
            xmlns="http://www.ibm.com/mdm/entry01"><MDM_ID
            xmlns="">1311</MDM_ID><PORTAL_ID
            xmlns="">1311</PORTAL_ID><DIVISION_SAP
            xmlns="">NE</DIVISION_SAP><NAME
            xmlns="">Дивизион Северо-Восток</NAME><MR_ID
            xmlns=""/><NAMING xmlns="">NE Дивизион Северо-Восток</NAMING>
		
	</Item>
<Item
            xmlns="http://www.ibm.com/mdm/entry01"><MDM_ID
            xmlns="">1323</MDM_ID><PORTAL_ID
            xmlns="">1323</PORTAL_ID><DIVISION_SAP
            xmlns="">TA</DIVISION_SAP><NAME
            xmlns="">Приволжский регион</NAME><MR_ID xmlns=""/><NAMING xmlns="">TA Приволжский регион</NAMING>
		
	</Item>
<Item
            xmlns="http://www.ibm.com/mdm/entry01"><MDM_ID
            xmlns="">1359</MDM_ID><PORTAL_ID
            xmlns="">1359</PORTAL_ID><DIVISION_SAP
            xmlns="">HO</DIVISION_SAP><NAME xmlns="">ЦО X5</NAME><MR_ID
            xmlns=""/><NAMING xmlns="">HO ЦО X5</NAMING>
		
	</Item>
<Item
            xmlns="http://www.ibm.com/mdm/entry01"><MDM_ID
            xmlns="">1329</MDM_ID><PORTAL_ID
            xmlns="">1329</PORTAL_ID><DIVISION_SAP
            xmlns="">SZ</DIVISION_SAP><NAME
            xmlns="">Северо-Западный регион</NAME><MR_ID
            xmlns=""/><NAMING xmlns="">SZ Северо-Западный регион</NAMING>
		
	</Item>
<Item
            xmlns="http://www.ibm.com/mdm/entry01"><MDM_ID
            xmlns="">1350</MDM_ID><PORTAL_ID
            xmlns="">1350</PORTAL_ID><DIVISION_SAP
            xmlns="">CT</DIVISION_SAP><NAME
            xmlns="">Центральный регион </NAME><MR_ID
            xmlns="">MRDVO</MR_ID><NAMING xmlns="">CT Центральный регион </NAMING>
		
	</Item>
<Item
            xmlns="http://www.ibm.com/mdm/entry01"><MDM_ID
            xmlns="">1314</MDM_ID><PORTAL_ID
            xmlns="">1314</PORTAL_ID><DIVISION_SAP
            xmlns="">CE</DIVISION_SAP><NAME
            xmlns="">Дивизион Центральный Восток</NAME><MR_ID
            xmlns="">MRDVS</MR_ID><NAMING xmlns="">CE Дивизион Центральный Восток</NAMING>
		
	</Item>
<Item
            xmlns="http://www.ibm.com/mdm/entry01"><MDM_ID
            xmlns="">1342</MDM_ID><PORTAL_ID
            xmlns="">1342</PORTAL_ID><DIVISION_SAP
            xmlns="">UR</DIVISION_SAP><NAME
            xmlns="">Уральский регион</NAME><MR_ID xmlns=""/><NAMING xmlns="">UR Уральский регион</NAMING>
		
	</Item>
<Item
            xmlns="http://www.ibm.com/mdm/entry01"><MDM_ID
            xmlns="">1362</MDM_ID><PORTAL_ID
            xmlns="">1362</PORTAL_ID><DIVISION_SAP
            xmlns="">UG</DIVISION_SAP><NAME
            xmlns="">Южный регион</NAME><MR_ID
            xmlns="">MRDUG</MR_ID><NAMING xmlns="">UG Южный регион</NAMING>
		
	</Item>
<Item
            xmlns="http://www.ibm.com/mdm/entry01"><MDM_ID
            xmlns="">1341</MDM_ID><PORTAL_ID
            xmlns="">1341</PORTAL_ID><DIVISION_SAP
            xmlns="">UR</DIVISION_SAP><NAME
            xmlns="">Уральский регион</NAME><MR_ID xmlns=""/><NAMING xmlns="">UR Уральский регион</NAMING>
		
	</Item>
<Item
            xmlns="http://www.ibm.com/mdm/entry01"><MDM_ID
            xmlns="">1312</MDM_ID><PORTAL_ID
            xmlns="">1312</PORTAL_ID><DIVISION_SAP
            xmlns="">UA</DIVISION_SAP><NAME
            xmlns="">Дивизион Украина</NAME><MR_ID xmlns=""/><NAMING xmlns="">UA Дивизион Украина</NAMING>
		
	</Item>
<Item
            xmlns="http://www.ibm.com/mdm/entry01"><MDM_ID
            xmlns="">1337</MDM_ID><PORTAL_ID
            xmlns="">1337</PORTAL_ID><DIVISION_SAP
            xmlns="">SA</DIVISION_SAP><NAME
            xmlns="">Средне-Волжский регион</NAME><MR_ID
            xmlns=""/><NAMING xmlns="">SA Средне-Волжский регион</NAMING>
		
	</Item>
<Item
            xmlns="http://www.ibm.com/mdm/entry01"><MDM_ID
            xmlns="">1322</MDM_ID><PORTAL_ID
            xmlns="">1322</PORTAL_ID><DIVISION_SAP
            xmlns="">TA</DIVISION_SAP><NAME
            xmlns="">Приволжский регион</NAME><MR_ID
            xmlns="">MRDVO</MR_ID><NAMING xmlns="">TA Приволжский регион</NAMING>
		
	</Item>
<Item
            xmlns="http://www.ibm.com/mdm/entry01"><MDM_ID
            xmlns="">1345</MDM_ID><PORTAL_ID
            xmlns="">1345</PORTAL_ID><DIVISION_SAP
            xmlns="">CH1</DIVISION_SAP><NAME
            xmlns="">Центрально-Черноземный регион</NAME><MR_ID
            xmlns="">MRDND</MR_ID><NAMING xmlns="">CH1 Центрально-Черноземный регион</NAMING>
		
	</Item>
<Item
            xmlns="http://www.ibm.com/mdm/entry01"><MDM_ID
            xmlns="">1358</MDM_ID><PORTAL_ID
            xmlns="">1358</PORTAL_ID><DIVISION_SAP
            xmlns="">HO</DIVISION_SAP><NAME xmlns="">ЦО X5</NAME><MR_ID
            xmlns=""/><NAMING xmlns="">HO ЦО X5</NAMING>
		
	</Item>
<Item
            xmlns="http://www.ibm.com/mdm/entry01"><MDM_ID
            xmlns="">1315</MDM_ID><PORTAL_ID
            xmlns="">1315</PORTAL_ID><DIVISION_SAP
            xmlns="">CW</DIVISION_SAP><NAME
            xmlns="">Дивизион Центральный Запад</NAME><MR_ID
            xmlns="">MRDCN</MR_ID><NAMING xmlns="">CW Дивизион Центральный Запад</NAMING>
		
	</Item>
<Item
            xmlns="http://www.ibm.com/mdm/entry01"><MDM_ID
            xmlns="">1328</MDM_ID><PORTAL_ID
            xmlns="">1328</PORTAL_ID><DIVISION_SAP
            xmlns="">SZ</DIVISION_SAP><NAME
            xmlns="">Северо-Западный регион_test 1</NAME><MR_ID
            xmlns="">MRDND</MR_ID><NAMING xmlns="">SZ Северо-Западный регион_test 1</NAMING>
		
	</Item>
<Item
            xmlns="http://www.ibm.com/mdm/entry01"><MDM_ID
            xmlns="">1308</MDM_ID><PORTAL_ID
            xmlns="">1308</PORTAL_ID><DIVISION_SAP
            xmlns="">VO</DIVISION_SAP><NAME
            xmlns="">Волжский регион</NAME><MR_ID
            xmlns="">MRDVO</MR_ID><NAMING xmlns="">VO Волжский регион</NAMING>
		
	</Item>
<Item
            xmlns="http://www.ibm.com/mdm/entry01"><MDM_ID
            xmlns="">1309</MDM_ID><PORTAL_ID
            xmlns="">1309</PORTAL_ID><DIVISION_SAP
            xmlns="">ET</DIVISION_SAP><NAME
            xmlns="">Дивизион Восток</NAME><MR_ID
            xmlns="">MRDVO</MR_ID><NAMING xmlns="">ET Дивизион Восток</NAMING>
		
	</Item>
<Item
            xmlns="http://www.ibm.com/mdm/entry01"><MDM_ID
            xmlns="">1338</MDM_ID><PORTAL_ID
            xmlns="">1338</PORTAL_ID><DIVISION_SAP
            xmlns="">SA</DIVISION_SAP><NAME
            xmlns="">Средне-Волжский регион</NAME><MR_ID
            xmlns=""/><NAMING xmlns="">SA Средне-Волжский регион</NAMING>
		
	</Item>
<Item
            xmlns="http://www.ibm.com/mdm/entry01"><MDM_ID
            xmlns="">1318</MDM_ID><PORTAL_ID
            xmlns="">1318</PORTAL_ID><DIVISION_SAP
            xmlns="">ST</DIVISION_SAP><NAME
            xmlns="">Дивизион Юг</NAME><MR_ID xmlns=""/><NAMING xmlns="">ST Дивизион Юг</NAMING>
		
	</Item>
<Item
            xmlns="http://www.ibm.com/mdm/entry01"><MDM_ID
            xmlns="">1375</MDM_ID><PORTAL_ID
            xmlns="">1375</PORTAL_ID><DIVISION_SAP
            xmlns="">ZA</DIVISION_SAP><NAME
            xmlns="">Северо-Кавказский регион</NAME><MR_ID
            xmlns="">MRDUG</MR_ID><NAMING xmlns="">ZA Северо-Кавказский регион</NAMING>
		
	</Item>
<Item
            xmlns="http://www.ibm.com/mdm/entry01"><MDM_ID
            xmlns="">1373</MDM_ID><PORTAL_ID
            xmlns="">1373</PORTAL_ID><DIVISION_SAP
            xmlns="">NZ</DIVISION_SAP><NAME
            xmlns="">Дивизион Северо-Запад</NAME><MR_ID
            xmlns=""/><NAMING xmlns="">NZ Дивизион Северо-Запад</NAMING>
		
	</Item>
<Item
            xmlns="http://www.ibm.com/mdm/entry01"><MDM_ID
            xmlns="">1372</MDM_ID><PORTAL_ID
            xmlns="">1372</PORTAL_ID><DIVISION_SAP
            xmlns="">UL</DIVISION_SAP><NAME
            xmlns="">Дивизион Урал</NAME><MR_ID xmlns=""/><NAMING xmlns="">UL Дивизион Урал</NAMING>
		
	</Item>
<Item
            xmlns="http://www.ibm.com/mdm/entry01"><MDM_ID
            xmlns="">1371</MDM_ID><PORTAL_ID
            xmlns="">1371</PORTAL_ID><DIVISION_SAP
            xmlns="">CZ</DIVISION_SAP><NAME
            xmlns="">Дивизион Черноземье1</NAME><MR_ID
            xmlns="">MRDCN</MR_ID><NAMING xmlns="">CZ Дивизион Черноземье1</NAMING>
		
	</Item>
<Item
            xmlns="http://www.ibm.com/mdm/entry01"><MDM_ID
            xmlns="">1370</MDM_ID><PORTAL_ID
            xmlns="">1370</PORTAL_ID><DIVISION_SAP
            xmlns="">DV</DIVISION_SAP><NAME
            xmlns="">Дивизион Нижняя Волга</NAME><MR_ID
            xmlns="">MRDVO</MR_ID><NAMING xmlns="">DV Дивизион Нижняя Волга</NAMING>
		
	</Item>
<Item
            xmlns="http://www.ibm.com/mdm/entry01"><MDM_ID
            xmlns="">1368</MDM_ID><PORTAL_ID
            xmlns="">1368</PORTAL_ID><DIVISION_SAP
            xmlns="">UV</DIVISION_SAP><NAME
            xmlns="">Дивизион Верхняя Волга - тест</NAME><MR_ID
            xmlns=""/><NAMING xmlns="">UV Дивизион Верхняя Волга - тест</NAMING>
		
	</Item>
<Item
            xmlns="http://www.ibm.com/mdm/entry01"><MDM_ID
            xmlns="">1377</MDM_ID><PORTAL_ID
            xmlns="">1377</PORTAL_ID><DIVISION_SAP
            xmlns="">ZD</DIVISION_SAP><NAME
            xmlns="">Южно-Московский регион</NAME><MR_ID
            xmlns="">MRDCT</MR_ID><NAMING xmlns="">ZD Южно-Московский регион</NAMING>
		
	</Item>
<Item
            xmlns="http://www.ibm.com/mdm/entry01"><MDM_ID
            xmlns="">1378</MDM_ID><PORTAL_ID
            xmlns="">1378</PORTAL_ID><DIVISION_SAP
            xmlns="">ZC</DIVISION_SAP><NAME
            xmlns="">Северо-Московский регион</NAME><MR_ID
            xmlns="">MRDCT</MR_ID><NAMING xmlns="">ZC Северо-Московский регион</NAMING>
		
	</Item>
<Item
            xmlns="http://www.ibm.com/mdm/entry01"><MDM_ID
            xmlns="">1382</MDM_ID><PORTAL_ID
            xmlns="">1382</PORTAL_ID><DIVISION_SAP
            xmlns="">CC</DIVISION_SAP><NAME
            xmlns="">Дивизион Центральный Центр-тест1</NAME><MR_ID
            xmlns="">MRDCN</MR_ID><NAMING xmlns="">CC Дивизион Центральный Центр-тест1</NAMING>
		
	</Item>
<Item
            xmlns="http://www.ibm.com/mdm/entry01"><MDM_ID
            xmlns="">1381</MDM_ID><PORTAL_ID
            xmlns="">1381</PORTAL_ID><DIVISION_SAP
            xmlns="">ZZ</DIVISION_SAP><NAME
            xmlns="">ЦО Макрорегион Волга</NAME><MR_ID
            xmlns="">MRDVO</MR_ID><NAMING xmlns="">ZZ ЦО Макрорегион Волга</NAMING>
		
	</Item>
<Item
            xmlns="http://www.ibm.com/mdm/entry01"><MDM_ID
            xmlns="">1380</MDM_ID><PORTAL_ID
            xmlns="">1380</PORTAL_ID><DIVISION_SAP
            xmlns="">ZX</DIVISION_SAP><NAME
            xmlns="">ЦО Макрорегион Центр-Юг</NAME><MR_ID
            xmlns="">MRDCN</MR_ID><NAMING xmlns="">ZX ЦО Макрорегион Центр-Юг</NAMING>
		
	</Item>
<Item
            xmlns="http://www.ibm.com/mdm/entry01"><MDM_ID
            xmlns="">1379</MDM_ID><PORTAL_ID
            xmlns="">1379</PORTAL_ID><DIVISION_SAP
            xmlns="">ZY</DIVISION_SAP><NAME
            xmlns="">ЦО Макрорегион Москва</NAME><MR_ID
            xmlns="">MRDCT</MR_ID><NAMING xmlns="">ZY ЦО Макрорегион Москва</NAMING>
		
	</Item>
<Item
            xmlns="http://www.ibm.com/mdm/entry01"><MDM_ID
            xmlns="">1376</MDM_ID><PORTAL_ID
            xmlns="">1376</PORTAL_ID><DIVISION_SAP
            xmlns="">ZB</DIVISION_SAP><NAME
            xmlns="">Московский регион</NAME><MR_ID
            xmlns="">MRDCT</MR_ID><NAMING xmlns="">ZB Московский регион</NAMING>
		
	</Item>
<Item
            xmlns="http://www.ibm.com/mdm/entry01"><MDM_ID
            xmlns="">215</MDM_ID><PORTAL_ID
            xmlns="">215</PORTAL_ID><DIVISION_SAP
            xmlns="">21566</DIVISION_SAP><NAME
            xmlns="">name1</NAME><MR_ID xmlns=""/><NAMING xmlns="">21566 name1</NAMING>
		
	</Item>
<Item
            xmlns="http://www.ibm.com/mdm/entry01"><MDM_ID
            xmlns="">1369</MDM_ID><PORTAL_ID
            xmlns="">1369</PORTAL_ID><DIVISION_SAP
            xmlns="">CT</DIVISION_SAP><NAME
            xmlns="">Центральный регион-тест7</NAME><MR_ID
            xmlns="">MRDVO</MR_ID><NAMING xmlns="">CT Центральный регион-тест7</NAMING>
		
	</Item></ns0:mt_queryRequest>
]]></Container></messageContainer></ns0:mt_queryRequest>

