<?xml version="1.0" encoding="UTF-8"?>
<ns0:mt_queryRequest xmlns:ns0="http://x5.ru/mdm/common"><messageHeader><reqId>1769126</reqId><targetSystem>TMB</targetSystem><serviceInterface>CFO</serviceInterface><interfaceNamespace/></messageHeader><messageContainer><Container><![CDATA[<?xml version="1.0" encoding="UTF-8"?>
<ns0:mt_queryRequest
        xmlns:ns0="http://x5.ru/mdm/common"><messageHeader><reqId>1769126</reqId><targetSystem>TMB</targetSystem><serviceInterface>CFO</serviceInterface><interfaceNamespace/></messageHeader><Item
            xmlns="http://www.ibm.com/mdm/entry01"><MDM_ID
            xmlns="">E1014482</MDM_ID><TYPE xmlns="">S</TYPE><NAME
            xmlns="">10631 – Пятёрочка – г.Оренбург, Победы пр-кт, 159</NAME><DESCRIPTION
            xmlns="">10631 – Пятёрочка – г.Оренбург, Победы пр-кт, 159</DESCRIPTION><STATUS
            xmlns="">OPN</STATUS><STATUS_ACT
            xmlns="">OPN</STATUS_ACT><CURR_CLUSTER
            xmlns="">4512</CURR_CLUSTER><CURR_DIVISION
            xmlns="">1308</CURR_DIVISION><CURR_MR
            xmlns="">MRDVO</CURR_MR><FSTER_D
            xmlns="">Кластер ВД 10 Оренбург Север</FSTER_D><FSTER xmlns="">D_VO52</FSTER>
		
	</Item></ns0:mt_queryRequest>
]]></Container></messageContainer></ns0:mt_queryRequest>

