<?xml version="1.0" encoding="UTF-8"?>
<ns0:mt_queryRequest xmlns:ns0="http://x5.ru/mdm/common"><messageHeader><reqId>53850</reqId><targetSystem>TMB</targetSystem><serviceInterface>CFO</serviceInterface><interfaceNamespace/></messageHeader><messageContainer><Container><![CDATA[<?xml version="1.0" encoding="UTF-8"?>
<ns0:mt_queryRequest
        xmlns:ns0="http://x5.ru/mdm/common"><messageHeader><reqId>53850</reqId><targetSystem>TMB</targetSystem><serviceInterface>CFO</serviceInterface><interfaceNamespace/></messageHeader><Item
            xmlns="http://www.ibm.com/mdm/entry01"><MDM_ID
            xmlns="">13CT5000</MDM_ID><TYPE xmlns="">S</TYPE><NAME
            is_delta="True" xmlns="">Тест 1</NAME><DESCRIPTION
            xmlns="">001 - г.Троицк, мкр. В, д. 42, "Дом торговли"</DESCRIPTION><STATUS
            xmlns="">OPN</STATUS><STATUS_ACT
            xmlns="">OPN</STATUS_ACT><CURR_CLUSTER
            xmlns="">4586</CURR_CLUSTER><CURR_DIVISION
            xmlns="">1377</CURR_DIVISION><CURR_MR
            xmlns="">MRDCT</CURR_MR><FSTER_D
            xmlns="">Кластер ЮМД 01 Новая Москва</FSTER_D><FSTER xmlns="">D_ZD01</FSTER>
		
	</Item>
<Item
            xmlns="http://www.ibm.com/mdm/entry01"><MDM_ID
            xmlns="">13CT5001</MDM_ID><TYPE xmlns="">S</TYPE><NAME
            is_delta="True" xmlns="">Тест 2</NAME><DESCRIPTION
            xmlns="">0002-МО, г. Химки, Мельникова пр-т, д.2Б, пом.6</DESCRIPTION><STATUS
            xmlns="">OPN</STATUS><STATUS_ACT
            xmlns="">OPN</STATUS_ACT><CURR_CLUSTER
            xmlns="">4239</CURR_CLUSTER><CURR_DIVISION
            xmlns="">1350</CURR_DIVISION><CURR_MR
            xmlns="">MRDCT</CURR_MR><FSTER_D
            xmlns="">Кластер СМД 04 Химки</FSTER_D><FSTER xmlns="">D_ZC04</FSTER>
		
	</Item></ns0:mt_queryRequest>
]]></Container></messageContainer></ns0:mt_queryRequest>

