<?xml version="1.0" encoding="UTF-8"?>
<ns0:mt_queryRequest xmlns:ns0="http://x5.ru/mdm/common"><messageHeader><reqId>53949</reqId><targetSystem>TMB</targetSystem><serviceInterface>CFO</serviceInterface><interfaceNamespace/></messageHeader><messageContainer><Container><![CDATA[<?xml version="1.0" encoding="UTF-8"?>
<ns0:mt_queryRequest
        xmlns:ns0="http://x5.ru/mdm/common"><messageHeader><reqId>53949</reqId><targetSystem>TMB</targetSystem><serviceInterface>CFO</serviceInterface><interfaceNamespace/></messageHeader><Item
            xmlns="http://www.ibm.com/mdm/entry01"><MDM_ID
            xmlns="">E1011155</MDM_ID><TYPE xmlns="">S</TYPE><NAME
            xmlns="">8792-Пятерочка</NAME><DESCRIPTION
            xmlns="">Буланаш, А.Невского, 1</DESCRIPTION><STATUS
            xmlns="">OPN</STATUS><STATUS_ACT
            xmlns="">OPN</STATUS_ACT><CURR_CLUSTER
            xmlns="">4495</CURR_CLUSTER><CURR_DIVISION is_delta="True"
            xmlns="">1312</CURR_DIVISION><CURR_MR is_delta="True"
            xmlns=""/><FSTER_D
            xmlns="">Кластер УД 13 Екатеринбург Восток</FSTER_D><FSTER xmlns="">D_UR35</FSTER>
		
	</Item></ns0:mt_queryRequest>
]]></Container></messageContainer></ns0:mt_queryRequest>

