<?xml version="1.0" encoding="UTF-8"?>
<ns0:mt_queryRequest xmlns:ns0="http://x5.ru/mdm/common"><messageHeader><reqId>53863</reqId><targetSystem>TMB</targetSystem><serviceInterface>CFO</serviceInterface><interfaceNamespace/></messageHeader><messageContainer><Container><![CDATA[<?xml version="1.0" encoding="UTF-8"?>
<ns0:mt_queryRequest
        xmlns:ns0="http://x5.ru/mdm/common"><messageHeader><reqId>53863</reqId><targetSystem>TMB</targetSystem><serviceInterface>CFO</serviceInterface><interfaceNamespace/></messageHeader><Item
            xmlns="http://www.ibm.com/mdm/entry01"><MDM_ID
            xmlns="">13CT5002</MDM_ID><TYPE xmlns="">S</TYPE><NAME
            is_delta="True" xmlns="">Тест 4</NAME><DESCRIPTION
            xmlns="">0005-г. Пушкино, ул. Тургенева, д.10</DESCRIPTION><STATUS
            xmlns="">OPN</STATUS><STATUS_ACT
            xmlns="">OPN</STATUS_ACT><CURR_CLUSTER
            xmlns="">4243</CURR_CLUSTER><CURR_DIVISION
            xmlns="">1350</CURR_DIVISION><CURR_MR
            xmlns="">MRDCT</CURR_MR><FSTER_D
            xmlns="">Кластер СМД 06 Мытищи</FSTER_D><FSTER xmlns="">D_ZC06</FSTER>
		
	</Item></ns0:mt_queryRequest>
]]></Container></messageContainer></ns0:mt_queryRequest>

